[{"name":"Typography","settings":[{"type":"header","content":"Base font"},{"type":"font_picker","id":"type_base_font","label":"Font family","default":"work_sans_n6"},{"type":"select","id":"base_font_size","label":"Font size","options":[{"value":"11px","label":"11px"},{"value":"12px","label":"12px"},{"value":"13px","label":"13px"},{"value":"14px","label":"14px"},{"value":"15px","label":"15px"},{"value":"16px","label":"16px"}],"default":"14px"},{"type":"color","id":"base_font_color","label":"Color","default":"#777777"},{"type":"header","content":"Heading font"},{"type":"font_picker","id":"type_header_font","label":"Font family","default":"work_sans_n6"},{"type":"select","id":"heading_font_size","label":"Font size (H3)","options":[{"value":"14px","label":"14px"},{"value":"16px","label":"16px"},{"value":"18px","label":"18px"},{"value":"20px","label":"20px"},{"value":"22px","label":"22px"},{"value":"24px","label":"24px"},{"value":"26px","label":"26px"},{"value":"28px","label":"28px"},{"value":"30px","label":"30px"},{"value":"40px","label":"40px"},{"value":"48px","label":"48px"}],"default":"30px"},{"type":"color","id":"heading_font_color","label":"Color","default":"#000000"},{"type":"header","content":"Adding Heading font"},{"type":"font_picker","id":"type_custom_header_font","label":"Custom Font family","default":"work_sans_n6"},{"type":"select","id":"custom_heading_font_size","label":"Font size (H2)","options":[{"value":"14px","label":"14px"},{"value":"16px","label":"16px"},{"value":"18px","label":"18px"},{"value":"20px","label":"20px"},{"value":"22px","label":"22px"},{"value":"24px","label":"24px"},{"value":"26px","label":"26px"},{"value":"28px","label":"28px"},{"value":"30px","label":"30px"},{"value":"40px","label":"40px"},{"value":"50px","label":"50px"}],"default":"30px"},{"type":"header","content":"Links"},{"type":"color","id":"links_color","label":"Links color","default":"#337ab7"},{"type":"color","id":"links_color_hover","label":"Links hover color","default":"#23527c"},{"type":"header","content":"Product name"},{"type":"color","id":"product_name_color","label":"Color","default":"#000000"},{"type":"color","id":"product_name_color_hover","label":"Hover color","default":"#777777"},{"type":"header","content":"Product price"},{"type":"color","id":"product_price_color","label":"Color","default":"#000000"},{"type":"color","id":"product_price_sale_color","label":"Sale color","default":"#000000"}]},{"name":"Colors","settings":[{"type":"header","content":"Page colors"},{"type":"color","id":"bg_color","label":"Page background color"},{"type":"color","id":"border_color","label":"Border color"},{"type":"header","content":"Main colors"},{"type":"color","id":"color_1","label":"Color #1"},{"type":"color","id":"color_2","label":"Color #2"},{"type":"color","id":"color_2_2","label":"Color #2_lighten"},{"type":"header","content":"Adjective colors"},{"type":"color","id":"color_3","label":"Color #3 (Light)"},{"type":"color","id":"color_4","label":"Color #4 (Dark)"},{"type":"header","content":"Button"},{"type":"color","id":"button_color","label":"Button color"},{"type":"color","id":"button_text_color","label":"Button text color"},{"type":"color","id":"button_border_color","label":"Button border color"},{"type":"paragraph","content":"Hover colors"},{"type":"color","id":"button_hover_color","label":"Button hover color"},{"type":"color","id":"button_hover_text_color","label":"Button hover text color"},{"type":"color","id":"button_hover_border_color","label":"Button hover border color"},{"type":"header","content":"Alternate Button"},{"type":"color","id":"alt_button_color","label":"Button color"},{"type":"color","id":"alt_button_text_color","label":"Button text color"},{"type":"color","id":"alt_button_border_color","label":"Button border color"},{"type":"paragraph","content":"Hover colors"},{"type":"color","id":"alt_button_hover_color","label":"Button hover color"},{"type":"color","id":"alt_button_hover_text_color","label":"Button hover text color"},{"type":"color","id":"alt_button_hover_border_color","label":"Button hover border color"}]},{"name":"Favicon","settings":[{"type":"image_picker","id":"favicon","label":"Favicon image","info":"Will be scaled down to 32 x 32px"}]},{"name":"Sidebar","settings":[{"type":"header","content":"Sidebar"},{"type":"paragraph","content":"Show sidebar on collection page, or blog page"},{"type":"checkbox","id":"sidebar_toggle","label":"Show sidebar"},{"type":"radio","id":"sidebar_position","options":[{"value":"sidebar_left","label":"Left position"},{"value":"sidebar_right","label":"Right position"}]}]},{"name":"Wishlist","settings":[{"type":"checkbox","id":"wishlist_toggle","label":"Enable wishlist"},{"type":"page","id":"wishlist_page","label":"Choose wishlist page"},{"type":"header","content":"Your Access Key:"},{"type":"paragraph","content":"l8WBOeRY36yI87MRv"},{"type":"paragraph","content":"[Install ZEMEZ Wihslist](http:\/\/prestashop7.devoffice.com\/shopify)"}]},{"name":"Pages & Layout","settings":[{"type":"header","content":"Header Layout"},{"type":"select","id":"header_type","label":"Header Type","options":[{"value":"1","label":"Type #1"},{"value":"2","label":"Type #2"},{"value":"3","label":"Type #3"}]},{"type":"header","content":"Footer Layout"},{"type":"select","id":"footer_type","label":"Footer Type","options":[{"value":"1","label":"Type #1"},{"value":"2","label":"Type #2"},{"value":"3","label":"Type #3"}]},{"type":"header","content":"RTL direction"},{"type":"checkbox","id":"rtl","label":"Use right to left direction ","default":false},{"type":"header","content":"Contact page"},{"type":"checkbox","id":"contact_map","label":"Show map on contact page","default":true},{"type":"header","content":"Password page"},{"type":"checkbox","id":"password_link_view","label":"Show a link to the password page, to customize the display of the page."}]},{"name":"Security","settings":[{"type":"header","content":"Security & Protect"},{"type":"checkbox","id":"protect","label":"Protect content from copying","default":false}]},{"name":"Newsletter","settings":[{"type":"header","content":"Newsletter settings"},{"type":"radio","id":"newsletter_form_type","label":"Newsletter subscription form","options":[{"value":"newsletter_shopify","label":"Shopify native form"},{"value":"newsletter_mailchimp","label":"Mailchimp service"}]},{"type":"paragraph","content":"If you choose 'Shopify native form', all subscribers' emails will be collected at 'Customers' section, marked as 'Newsletter Subscriber'."},{"type":"text","id":"newsletter_mailchimp_url","label":"Mailchimp form action URL","info":"[Enter your Mailchimp form action URL](http:\/\/help.shopify.com\/manual\/using-themes\/change-the-layout\/theme-newsletter#non-sectioned-themes)"},{"type":"header","content":"Newsletter popup"},{"type":"checkbox","id":"newsletter_popup_toggle","label":"Enable newsletter popup"},{"type":"text","id":"newsletter_popup_text1","label":"Text 1","default":"Newsletter"},{"type":"text","id":"newsletter_popup_text2","label":"Text 2","default":"Join our mailing list"},{"type":"checkbox","id":"inverted","label":"Inverted style","default":false},{"type":"text","id":"newsletter_popup_period","label":"Pop-up disable expiration (in days)","info":"Number of days until user will see pop-up again (after clicking 'Dont show this message again' button or successful subscription)"},{"type":"image_picker","id":"newsletter_popup_bg","label":"Background image","info":"Image size 700x400px"}]},{"name":"Product","settings":[{"type":"header","content":"Product badge"},{"type":"checkbox","id":"badge_toggle","label":"Show badge on product"},{"type":"text","id":"new_products_period","label":"'New' products marker","info":"Number of days for which the product is considered as \"New\""},{"type":"color","id":"new_badge_color","label":"'New' badge color","default":"#000"},{"type":"color","id":"new_badge_text_color","label":"'New' badge text color","default":"#fff"},{"type":"checkbox","id":"badge_new_toggle","label":"Show badge 'New'"},{"type":"color","id":"sale_badge_color","label":"'Sale' badge color","default":"#f00"},{"type":"color","id":"sale_badge_text_color","label":"'Sale' badge text color","default":"#fff"},{"type":"checkbox","id":"badge_sale_percent_toggle","label":"Show badge 'Percent sale'"},{"type":"checkbox","id":"badge_sale_toggle","label":"Show badge 'Sale'"},{"type":"color","id":"ourstock_badge_color","label":"'Outstock' badge color","default":"#ccc"},{"type":"checkbox","id":"badge_ourstock_toggle","label":"Show badge in outstock product"},{"type":"paragraph","content":"Custom badge"},{"type":"checkbox","id":"custom_badge_1_toggle","label":"Show custom badge 1"},{"type":"text","id":"custom_badge_1","label":"Custom badge 1 tag","info":"Tag of the product that must be marked"},{"type":"text","id":"custom_badge_1_text","label":"Custom badge 1 text","info":"Badge text"},{"type":"color","id":"custom_badge_1_color","label":"Custom badge 1 color","default":"#ccc"},{"type":"color","id":"custom_badge_1_text_color","label":"Custom badge 1 text color","default":"#000"},{"type":"checkbox","id":"custom_badge_2_toggle","label":"Show custom badge 2"},{"type":"text","id":"custom_badge_2","label":"Custom badge 2 tag","info":"Tag of the product that must be marked"},{"type":"text","id":"custom_badge_2_text","label":"Custom badge 2 text","info":"Badge text"},{"type":"color","id":"custom_badge_2_color","label":"Custom badge 2 color","default":"#ccc"},{"type":"color","id":"custom_badge_2_text_color","label":"Custom badge 2 text color","default":"#000"},{"type":"header","content":"Product Reviews"},{"type":"checkbox","id":"product_reviews","label":"Show Product Reviews","info":"To use, you need to install the application"},{"type":"paragraph","content":"[Product Reviews](https:\/\/apps.shopify.com\/product-reviews)"},{"type":"header","content":"Product color"},{"type":"text","id":"color_option","label":"Name color option","info":"Specify the color option for the product"},{"type":"header","content":"Product size"},{"type":"text","id":"size_option","label":"Name size option","info":"Specify the size option for the product"}]},{"name":"Social sharing buttons","settings":[{"type":"checkbox","id":"sharing_fb","label":"Facebook"},{"type":"checkbox","id":"sharing_tw","label":"Twitter"},{"type":"checkbox","id":"sharing_pin","label":"Pinterest"}]},{"name":"Sections All","settings":[{"type":"checkbox","id":"sect_all","label":"Show sections info text","default":false}]},{"name":"NEED MORE HELP?","settings":[{"type":"header","content":{"de":"BENÖTIGEN SIE WEITERE HILFE","en":"NEED MORE HELP?","es":"NECESITAS MÁS AYUDA?","fr":"BESOIN D'AIDE?","it":"SERVE ANCORA AIUTO?","ru":"НУЖНА ДОПОЛНИТЕЛЬНАЯ ПОМОЩЬ?","pt-BR":"NEED MORE HELP?"},"info":{"de":"[Bei weiteren Fragen oder Problemen sowie bei der Anpassung der Vorlage wenden Sie sich bitte an shopify@zemez.io](mailto:shopify@zemez.io)","en":"[In case of additional questions or problems, as well as requests to customize the template, please contact shopify@zemez.io](mailto:shopify@zemez.io)","es":"[En caso de preguntas o problemas adicionales, así como solicitudes para personalizar la plantilla, comuníquese con shopify@zemez.io](mailto:shopify@zemez.io)","fr":"[En cas de questions ou de problèmes supplémentaires, ainsi que de demandes de personnalisation du modèle, veuillez contacter shopify@zemez.io](mailto:shopify@zemez.io)","it":"[In caso di ulteriori domande o problemi, nonché richieste di personalizzazione del modello, si prega di contattare shopify@zemez.io](mailto:shopify@zemez.io)","ru":"[В случае возникновения дополнительных вопросов или проблем, а также запросов на настройку шаблона, пожалуйста, свяжитесь с нами shopify@zemez.io](mailto:shopify@zemez.io)","pt-BR":"[In case of additional questions or problems, as well as requests to customize the template, please contact shopify@zemez.io](mailto:shopify@zemez.io)"}}]}]