{"current":{"type_base_font":"archivo_n4","base_font_size":"16px","base_font_color":"#8e8c94","type_header_font":"lora_n4","heading_font_size":"48px","heading_font_color":"#18355d","type_custom_header_font":"archivo_n4","custom_heading_font_size":"30px","links_color":"#1d1928","links_color_hover":"#8e8c94","product_name_color":"#8e8c94","product_name_color_hover":"#18355d","product_price_color":"#18355d","product_price_sale_color":"#326fc3","bg_color":"#ffffff","border_color":"#e4e4e4","color_1":"#1d1928","color_2":"#18355d","color_2_2":"#f6f8fa","color_3":"#ffffff","color_4":"#000000","button_color":"#18355d","button_text_color":"#ffffff","button_border_color":"#18355d","button_hover_color":"#ffffff","button_hover_text_color":"#1d1928","button_hover_border_color":"#18355d","alt_button_color":"#f4efe9","alt_button_text_color":"#1d1928","alt_button_border_color":"#f4efe9","alt_button_hover_color":"#18355d","alt_button_hover_text_color":"#ffffff","alt_button_hover_border_color":"#18355d","favicon":"shopify:\/\/shop_images\/favicon.png","sidebar_toggle":true,"sidebar_position":"sidebar_left","wishlist_toggle":true,"wishlist_page":"wishlist","header_type":"2","footer_type":"1","rtl":false,"contact_map":false,"password_link_view":false,"protect":false,"newsletter_form_type":"newsletter_shopify","newsletter_mailchimp_url":"","newsletter_popup_toggle":false,"newsletter_popup_text1":"Newsletter","newsletter_popup_text2":"Join our mailing list","inverted":false,"newsletter_popup_period":"30","newsletter_popup_bg":"","badge_toggle":true,"new_products_period":"10000","new_badge_color":"#18355d","new_badge_text_color":"#fff","badge_new_toggle":true,"sale_badge_color":"#326fc3","sale_badge_text_color":"#f6f8fa","badge_sale_percent_toggle":true,"badge_sale_toggle":false,"ourstock_badge_color":"#222222","badge_ourstock_toggle":false,"custom_badge_1_toggle":false,"custom_badge_1":"online","custom_badge_1_text":"Only online","custom_badge_1_color":"#ffffff","custom_badge_1_text_color":"#000","custom_badge_2_toggle":false,"custom_badge_2":"accessories","custom_badge_2_text":"Best price","custom_badge_2_color":"#ffffff","custom_badge_2_text_color":"#18355d","product_reviews":true,"color_option":"Color","size_option":"Size","sharing_fb":true,"sharing_tw":true,"sharing_pin":true,"sect_all":true,"checkout_header_image":"shopify:\/\/shop_images\/image_19_1920x554_c37fae5c-82da-4ffa-b636-0d7cf63a335a.png","checkout_logo_image":"","checkout_logo_position":"center","checkout_logo_size":"medium","checkout_body_background_image":"","checkout_body_background_color":"#f6f8fa","checkout_input_background_color_mode":"white","checkout_sidebar_background_image":"","checkout_sidebar_background_color":"#ffffff","checkout_heading_font":"Helvetica Neue","checkout_body_font":"Helvetica Neue","checkout_accent_color":"#18355d","checkout_button_color":"#18355d","checkout_error_color":"#ff6d6d","custom_type_heading_font":"kalam_n4","custom_type_header_font":"kalam_n4","color_2-2":"#70c23e","newsletter_title":"Newsletter","newsletter_tagline":"","sharing_gplus":true,"product_name_size":"14px","section_headers_bg_color":"#be3838","section_headers_alignment":"center","product_border":false,"sale_type":"text","color_scheme":"scheme_1","scheme_1_color_1":"#6fcfb8","scheme_1_color_2":"#333333","scheme_2_color_1":"#f2c94c","scheme_2_color_2":"#242424","scheme_3_color_1":"#77c126","scheme_3_color_2":"#fc5d20","text-animation":true,"base_font":"google_fonts:Roboto","heading_font":"google_fonts:Roboto","currency_selector":"0","supported_currencies":"USD EUR GBP","show_multiple_currencies":"1","currency_format":"money_with_currency_format","default_currency":"USD","currencies_toggle":true,"currencies_list":"","checkout_use_header_image":false,"checkout_logo":"","checkout_use_body_background_image":false,"checkout_use_sidebar_background_image":false,"color_text":"#3d4246","color_body_text":"#788188","color_sale_text":"#7796A8","color_borders":"#e8e9eb","color_button":"#7796A8","color_button_text":"#fff","color_small_button":"#fff","color_small_button_text":"#3d4246","color_text_field":"#fff","color_text_field_text":"#000","color_image_overlay_text":"#fff","color_image_overlay":"#3d4246","image_overlay_opacity":"0.25","color_body_bg":"#fff","type_header_family":"Google_Work+Sans_600_sans","type_header_base_size":"26px","type_base_family":"Google_Work+Sans_400_sans","type_base_size":"16px","type_bold_product_titles":false,"share_facebook":true,"share_twitter":true,"share_pinterest":true,"social_twitter_link":"","social_facebook_link":"","social_pinterest_link":"","social_instagram_link":"","social_tumblr_link":"","social_snapchat_link":"","social_youtube_link":"","social_vimeo_link":"","sections":{"template-collections-listing":{"type":"template-collections-listing","blocks":{"1575036694125":{"type":"image","settings":{"image":"","collection":""}}},"block_order":["1575036694125"],"settings":{"size":"small","style":"type_2","img_alignment":"top"}},"template-collection":{"type":"template-collection","blocks":{"1570457434429":{"type":"collection_image","settings":{"products_collection":"","caption_inverted":true}},"1571993194531":{"type":"collection_image","settings":{"products_collection":"","caption_inverted":false}},"1572262684277":{"type":"collection_image","settings":{"products_collection":"","caption_inverted":false}},"1572262750169":{"type":"collection_image","settings":{"products_collection":"","caption_inverted":false}},"1572263108593":{"type":"collection_image","settings":{"products_collection":"","caption_inverted":false}},"1572263157101":{"type":"collection_image","settings":{"products_collection":"","caption_inverted":false}},"1572263248351":{"type":"collection_image","settings":{"products_collection":"","caption_inverted":false}},"1573570504511":{"type":"collection_image","settings":{"products_collection":"","caption_inverted":false}}},"block_order":["1570457434429","1571993194531","1572262684277","1572262750169","1572263108593","1572263157101","1572263248351","1573570504511"],"settings":{"items_per_page":"12","fullwidth_toggle":true,"collection_desc_toggle":true,"collection_tags_toggle":true,"product_img_alignment":"center","collection_img_alignment":"center"}},"template-product":{"type":"template-product","blocks":{"1524829489002":{"type":"all_tab","settings":{"title":"Delivery","page":"delivery-info"}},"1570618849665":{"type":"reviews","settings":{"title":"Product reviews"}}},"block_order":["1524829489002","1570618849665"],"settings":{"product_view_type":"tile","image_alignment":"center","show_sku":true,"show_short_desk":true,"show_color":true,"show_size":true,"show_vendor":true,"show_product_types":true,"show_barcode":true,"show_weight":true,"show_tags":true,"show_collections":true,"show_share_buttons":true,"show_desc":true,"show_notify_button":true,"show_policy":true,"security_page":"https:\/\/theme779-apparel.myshopify.com\/policies\/terms-of-service","security_text":"Security policy","delivery_page":"https:\/\/theme779-apparel.myshopify.com\/pages\/delivery-info","delivery_text":"Delivery policy","return_page":"https:\/\/theme779-apparel.myshopify.com\/policies\/refund-policy","return_text":"Return policy","show_related_products":true,"related_products_title":"Related product"}},"template-blog":{"type":"template-blog","settings":{"size":"small","pagination_count":"6","img_alignment":"center"}},"template-article":{"type":"template-article","settings":{"img_size":"medium","img_alignment":"center"}},"template-about-us":{"type":"template-about-us","blocks":{"1485527855475":{"type":"text-block","settings":{"title":"Catering to your requirements, handling your needs with care","text":"<p>Our store is more than just another average online retailer. We sell not only top quality products, but give our customers a positive online shopping experience. Forget about struggling to do everything at once: taking care of the family, running your business, walking your dog, cleaning the house, doing the shopping, etc. Purchase the goods you need every day or just like in a few clicks or taps, depending on the device you use to access the Internet. We work to make your life more enjoyable.<\/p>"}},"1485529201861":{"type":"icons-block","settings":{"title":"Store events","icon_1":"search","title_1":"Icon block with text","text_1":"<p>We think about the convenience of your choice. Our products are supplied with star rating that should help hesitant buyers to take a decision. What&rsquo;s more, you can search our site if you know exactly what you are looking for or use a bunch of different filters that will considerably save your time and efforts.<\/p>","icon_2":"truck","title_2":"Delivery to all regions","text_2":"<p>We deliver our goods worldwide. No matter where you live, your order will be shipped in time and delivered right to your door or to any other location you have stated. The packages are handled with utmost care, so the ordered products will be handed to you safe and sound, just like you expect them to be.<\/p>","icon_3":"thumbs-o-up","title_3":"The highest quality of products","text_3":"<p>We guarantee the highest quality of the products we sell. Several decades of successful operation and millions of happy customers let us feel certain about that. Besides, all items we sell pass thorough quality control, so no characteristics mismatch can escape the eye of our professionals.<\/p>"}},"1485531360014":{"type":"photos-block","settings":{"title":"Our team","img_1":"","title_1":"John Doe","text_1":"<p>Senior salesman with 15 years of experience. He knows everything about the products he offers.<\/p>","img_2":"","title_2":"Jessica Priston","text_2":"<p>Mega positive shop assistant always ready to help you make the right choice and charm you with a smile.<\/p>","img_3":"","title_3":"Sam Kromstain","text_3":"<p>Wholesale manager. Contact him if you want to buy a batch of the products offered at our store.<\/p>","img_4":"","title_4":"Edna Barton","text_4":"<p>Quality control manager. Her mission is to check the products we ship and settle quality issues if any.<\/p>"}},"1485532165531":{"type":"testimonials-block","settings":{"title":"Testimonials","name_1":"Mary Taba","text_1":"Guys, you rock! Made a purchase at your store recently. The order has been shipped and delivered on time. The quality is superb! The price is quite reasonable. Told all my friends about your excellent service and the variety of choice. I think I&rsquo;ll be your loyal customer in future as well. I wish your store many more years of prosperity.","name_2":"Virginia Ubert","text_2":"Thank you again and again! I have experienced the fastest support ever. My order arrived on my door step the following day. Your team is always, friendly and very helpful. You managed to exceed my expectations!","name_3":"","text_3":""}}},"block_order":["1485527855475","1485529201861","1485531360014","1485532165531"],"settings":{}},"template-wishlist":{"type":"template-wishlist","settings":{"product_img_alignment":"center"}},"sidebar":{"type":"sidebar","blocks":{"1527867816771":{"type":"widget_linklist","settings":{"title":"Collections","links":"collections"}},"1570187005516":{"type":"widget_vendors","settings":{"title":"Product vendors"}},"10c3c165-cbf7-4179-8354-538db558137e":{"type":"widget_types","settings":{"title":"Product types"}}},"block_order":["1527867816771","1570187005516","10c3c165-cbf7-4179-8354-538db558137e"],"settings":{}},"sidebar-blog":{"type":"sidebar-blog","blocks":{"1570723508479":{"type":"blog_search","settings":{"placeholder":"Search blog"}},"1526376031917":{"type":"link-list","settings":{"block_title":"categories","links":""}},"1570723464089":{"type":"resent_articles","settings":{"title":"Recent Post"}},"1530529813107":{"type":"blog_tags","settings":{"title":"Blog tags"}},"1530529473539":{"type":"blog_comments","settings":{"title":"Blog comments"}}},"block_order":["1570723508479","1526376031917","1570723464089","1530529813107","1530529473539"],"settings":{}},"template-privacy-policy":{"type":"template-privacy-policy","blocks":{"1503144156672":{"type":"text-block","settings":{"title":"General information","text":"<p>Welcome to our Privacy Policy page! When you use our store services, you trust us with your information. This Privacy Policy is meant to help you understand what data we collect, why we collect it, and what we do with it. When you share information with us, we can make our services even better for you. For instance, we can show you more relevant search results and ads, help you connect with people or to make sharing with others quicker and easier. As you use our services, we want you to be clear how we&rsquo;re using information and the ways in which you can protect your privacy. This is important; we hope you will take time to read it carefully. Remember, you can find controls to manage your information and protect your privacy and security. We&rsquo;ve tried to keep it as simple as possible.<\/p>"}},"1503144183486":{"type":"text-block","settings":{"title":"Right to access, correct and delete data and to object to data processing","text":"<p>Our customers have the right to access, correct and delete personal data relating to them, and to object to the processing of such data, by addressing a written request, at any time. The Company makes every effort to put in place suitable precautions to safeguard the security and privacy of personal data, and to prevent it from being altered, corrupted, destroyed or accessed by unauthorized third parties. However, the Company does not control each and every risk related to the use of the Internet, and therefore warns the Site users of the potential risks involved in the functioning and use of the Internet. The Site may include links to other web sites or other internet sources. As the Company cannot control these web sites and external sources, the Company cannot be held responsible for the provision or display of these web sites and external sources, and may not be held liable for the content, advertising, products, services or any other material available on or from these web sites or external sources.<\/p>"}},"1503144204191":{"type":"text-block","settings":{"title":"Management of personal data","text":"<p>You can view or edit your personal data online for many of our services. You can also make choices about our collection and use of your data. How you can access or control your personal data will depend on which services you use. You can choose whether you wish to receive promotional communications from our store by email, SMS, physical mail, and telephone. If you receive promotional email or SMS messages from us and would like to opt out, you can do so by following the directions in that message. You can also make choices about the receipt of promotional email, telephone calls, and postal mail by visiting and signing into Company Promotional Communications Manager, which allows you to update contact information, manage contact preferences, opt out of email subscriptions, and choose whether to share your contact information with our partners. These choices do not apply to mandatory service communications that are part of certain store services.<\/p>"}},"1503144229373":{"type":"text-block","settings":{"title":"Information we collect","text":"<p>Our store collects data to operate effectively and provide you the best experiences with our services. You provide some of this data directly, such as when you create a personal account. We get some of it by recording how you interact with our services by, for example, using technologies like cookies, and receiving error reports or usage data from software running on your device. We also obtain data from third parties (including other companies). For example, we supplement the data we collect by purchasing demographic data from other companies. We also use services from other companies to help us determine a location based on your IP address in order to customize certain services to your location. The data we collect depends on the services and features you use.<\/p>"}},"1503144255733":{"type":"text-block","settings":{"title":"How we use your information","text":"<p>Our store uses the data we collect for three basic purposes: to operate our business and provide (including improving and personalizing) the services we offer, to send communications, including promotional communications, and to display advertising. In carrying out these purposes, we combine data we collect through the various store services you use to give you a more seamless, consistent and personalized experience. However, to enhance privacy, we have built in technological and procedural safeguards designed to prevent certain data combinations. For example, we store data we collect from you when you are unauthenticated (not signed in) separately from any account information that directly identifies you, such as your name, email address or phone number.<\/p>"}},"1503144272560":{"type":"text-block","settings":{"title":"Sharing your information","text":"<p>We share your personal data with your consent or as necessary to complete any transaction or provide any service you have requested or authorized. For example, we share your content with third parties when you tell us to do so. When you provide payment data to make a purchase, we will share payment data with banks and other entities that process payment transactions or provide other financial services, and for fraud prevention and credit risk reduction. In addition, we share personal data among our controlled affiliates and subsidiaries. We also share personal data with vendors or agents working on our behalf for the purposes described in this statement. For example, companies we've hired to provide customer service support or assist in protecting and securing our systems and services may need access to personal data in order to provide those functions. In such cases, these companies must abide by our data privacy and security requirements and are not allowed to use personal data they receive from us for any other purpose. We may also disclose personal data as part of a corporate transaction such as a merger or sale of assets.&nbsp;<\/p>"}}},"block_order":["1503144156672","1503144183486","1503144204191","1503144229373","1503144255733","1503144272560"],"settings":{"email":"suitup@demolink.org"}},"index-map":{"type":"index-map","settings":{"hide_section":false,"map_height":"small","map_address":"521 Fifth Avenue, Pelham, NY 10783","api_key":"AIzaSyDQqXKHDrhkyBISlvJ7m5Z7X67XmfZmUk0","map_style":"light","map_captions":true,"map_captions_title":"521 Fifth Avenue, Pelham, NY 10783","phone_text":"+(001) 23 45 67 89","map_captions_text":"<p>Monday to Friday <br>10am - 6.30pm (NewYork time)<\/p>","map_captions_button":false}},"template-password":{"type":"template-password","settings":{"header":"We are not ready yet","message":"Our store will be available soon","password_label":"Enter store using password:","newslatter_form":true,"countdown_timer":true,"timer_date_day":"16","timer_date_month":"10","timer_date_year":"2023","social_menu":true,"social_fb":"https:\/\/www.facebook.com\/zemezlab\/","social_tw":"https:\/\/twitter.com\/zemezlab","social_inst":"https:\/\/www.instagram.com\/zemezlabhttps:\/\/www.instagram.com\/zemezlab","social_pin":"","social_gplus":"","social_yt":"https:\/\/www.youtube.com\/channel\/UCPW43un8VFXHe9LxKpR_2Hg"}},"sidebar-sort":{"type":"sidebar-sort","blocks":{"1528103956973":{"type":"color_tag","settings":{"color_tag":"Black","color_tag_items":"#000000"}},"1528103980427":{"type":"color_tag","settings":{"color_tag":"Gray","color_tag_items":"#bdbdbd"}},"1528115308234":{"type":"color_tag","settings":{"color_tag":"Red","color_tag_items":"#de5050"}},"1528115339079":{"type":"color_tag","settings":{"color_tag":"Olive","color_tag_items":"#cda472"}},"1528115398267":{"type":"color_tag","settings":{"color_tag":"Green","color_tag_items":"#25901a"}},"1528115463279":{"type":"color_tag","settings":{"color_tag":"Brown","color_tag_items":"#864809"}},"1528115500668":{"type":"color_tag","settings":{"color_tag":"Beige","color_tag_items":"#ebddc5"}},"1528115558465":{"type":"color_tag","settings":{"color_tag":"Blue","color_tag_items":"#4351ca"}},"1528115760736":{"type":"color_tag","settings":{"color_tag":"DarkBlue","color_tag_items":"#190790"}},"1528115612871":{"type":"name_tag","settings":{"name_tag":"L"}},"1528105473622":{"type":"name_tag","settings":{"name_tag":"XL"}},"1528115621419":{"type":"name_tag","settings":{"name_tag":"XXL"}}},"block_order":["1528103956973","1528103980427","1528115308234","1528115339079","1528115398267","1528115463279","1528115500668","1528115558465","1528115760736","1528115612871","1528105473622","1528115621419"],"settings":{"show_section":false,"title":"Sort","text":"find","filter_category":true,"filter_type":true,"custom_tags_caption_1":"Size","custom_tags_1":"L,XL,XXL","custom_tags_caption_2":"","custom_tags_2":"","button":"Sort","color_option_heading":"Color","tag_option_heading":"Size"}},"template-faq":{"type":"template-faq","blocks":{"1525509923782":{"type":"tab-block","settings":{"block_title":"Shopping Information","element_1_header":"What Shipping Methods Are Available?","element_1_text":"<p>With the great pleasure we are offering you our goods<br> &bull;&nbsp; Fashion satisfies our willingness to be attractive<br> &bull;&nbsp; That is why we are offering you the result of great market and technological r<br> &bull;&nbsp; The unique combination of fair price, extraordinary style and perfect quality<br>So, this circumstance forced all leading successful companies to explore all needs and wishes of different groups of potential clients very deeply.<\/p>","element_2_header":"How Long Will It Take To Get My Package?","element_2_text":"<p>Lorem ipsum dolor sit amet conse ctetur adipisicing elit, sed do eiusmod tempor incididunre magna aliqua. Ut enim ad minim veniam, quis nostrud exercitation.<\/p>","element_3_header":"How Long Will It Take To Get My Package?","element_3_text":"<p>Lorem ipsum dolor sit amet conse ctetur adipisicing elit, sed do eiusmod tempor incididunre magna aliqua. Ut enim ad minim veniam, quis nostrud exercitation.<\/p>","element_4_header":"How Long Will It Take To Get My Package?","element_4_text":"<p>Lorem ipsum dolor sit amet conse ctetur adipisicing elit, sed do eiusmod tempor incididunre magna aliqua. Ut enim ad minim veniam, quis nostrud exercitation.<\/p>","element_5_header":"","element_5_text":"","element_6_header":"","element_6_text":""}},"1525510286784":{"type":"tab-block","settings":{"block_title":"General Information","element_1_header":"What Payment Methods Are Accepted","element_1_text":"<p>Yes, you can! After placing your order you will receive an order confirmation via email. Each order starts production 24 hours after your order is placed. Within 72 hours of you placing your order, you will receive an expected delivery date. When the order ships, you will receive another email with the tracking number and a link to trace the order online with the carrier.<\/p>","element_2_header":"Is Buying On-Line Safe?","element_2_text":"<p>Yes, you can! After placing your order you will receive an order confirmation via email. Each order starts production 24 hours after your order is placed. Within 72 hours of you placing your order, you will receive an expected delivery date. When the order ships, you will receive another email with the tracking number and a link to trace the order online with the carrier.<\/p>","element_3_header":"What Payment Methods Are Accepted","element_3_text":"<p>Yes, you can! After placing your order you will receive an order confirmation via email. Each order starts production 24 hours after your order is placed. Within 72 hours of you placing your order, you will receive an expected delivery date. When the order ships, you will receive another email with the tracking number and a link to trace the order online with the carrier.<\/p>","element_4_header":"","element_4_text":"","element_5_header":"","element_5_text":"","element_6_header":"","element_6_text":""}},"1525510549417":{"type":"tab-block","settings":{"block_title":"Orders and Returns","element_1_header":"How do I place an Order?","element_1_text":"<p>Yes, you can! After placing your order you will receive an order confirmation via email. Each order starts production 24 hours after your order is placed. Within 72 hours of you placing your order, you will receive an expected delivery date. When the order ships, you will receive another email with the tracking number and a link to trace the order online with the carrier.<\/p>","element_2_header":"Do I need an account to place an order?","element_2_text":"<p>Yes, you can! After placing your order you will receive an order confirmation via email. Each order starts production 24 hours after your order is placed. Within 72 hours of you placing your order, you will receive an expected delivery date. When the order ships, you will receive another email with the tracking number and a link to trace the order online with the carrier.<\/p>","element_3_header":"How Can I Cancel Or Change My Order?","element_3_text":"<p>Yes, you can! After placing your order you will receive an order confirmation via email. Each order starts production 24 hours after your order is placed. Within 72 hours of you placing your order, you will receive an expected delivery date. When the order ships, you will receive another email with the tracking number and a link to trace the order online with the carrier.<\/p>","element_4_header":"How Do I Track My Order?","element_4_text":"<p>Yes, you can! After placing your order you will receive an order confirmation via email. Each order starts production 24 hours after your order is placed. Within 72 hours of you placing your order, you will receive an expected delivery date. When the order ships, you will receive another email with the tracking number and a link to trace the order online with the carrier.<\/p>","element_5_header":"","element_5_text":"","element_6_header":"","element_6_text":""}},"1525510653657":{"type":"tab-block","settings":{"block_title":"Payment Information","element_1_header":"What Payment Methods Are Accepted","element_1_text":"<p>Yes, you can! After placing your order you will receive an order confirmation via email. Each order starts production 24 hours after your order is placed. Within 72 hours of you placing your order, you will receive an expected delivery date. When the order ships, you will receive another email with the tracking number and a link to trace the order online with the carrier.<\/p>","element_2_header":"Is Buying On-Line Safe?","element_2_text":"<p>Yes, you can! After placing your order you will receive an order confirmation via email. Each order starts production 24 hours after your order is placed. Within 72 hours of you placing your order, you will receive an expected delivery date. When the order ships, you will receive another email with the tracking number and a link to trace the order online with the carrier.<\/p>","element_3_header":"What Payment Methods Are Accepted","element_3_text":"<p>Yes, you can! After placing your order you will receive an order confirmation via email. Each order starts production 24 hours after your order is placed. Within 72 hours of you placing your order, you will receive an expected delivery date. When the order ships, you will receive another email with the tracking number and a link to trace the order online with the carrier.<\/p>","element_4_header":"What Payment Methods Are Accepted","element_4_text":"<p>Yes, you can! After placing your order you will receive an order confirmation via email. Each order starts production 24 hours after your order is placed. Within 72 hours of you placing your order, you will receive an expected delivery date. When the order ships, you will receive another email with the tracking number and a link to trace the order online with the carrier.<\/p>","element_5_header":"What Payment Methods Are Accepted","element_5_text":"<p>Yes, you can! After placing your order you will receive an order confirmation via email. Each order starts production 24 hours after your order is placed. Within 72 hours of you placing your order, you will receive an expected delivery date. When the order ships, you will receive another email with the tracking number and a link to trace the order online with the carrier.<\/p>","element_6_header":"","element_6_text":""}},"1525510758084":{"type":"tab-block","settings":{"block_title":"Warranty","element_1_header":"What Payment Methods Are Accepted","element_1_text":"<p>Yes, you can! After placing your order you will receive an order confirmation via email. Each order starts production 24 hours after your order is placed. Within 72 hours of you placing your order, you will receive an expected delivery date. When the order ships, you will receive another email with the tracking number and a link to trace the order online with the carrier.<\/p>","element_2_header":"Is Buying On-Line Safe?","element_2_text":"<p>Yes, you can! After placing your order you will receive an order confirmation via email. Each order starts production 24 hours after your order is placed. Within 72 hours of you placing your order, you will receive an expected delivery date. When the order ships, you will receive another email with the tracking number and a link to trace the order online with the carrier.<\/p>","element_3_header":"","element_3_text":"","element_4_header":"","element_4_text":"","element_5_header":"","element_5_text":"","element_6_header":"","element_6_text":""}}},"block_order":["1525509923782","1525510286784","1525510549417","1525510653657","1525510758084"],"settings":{"show_title":false}},"template-contact":{"type":"template-contact","settings":{"phone_title":"CUSTOMER SERVICE","phone_text":"+09123 456 789","phone_text_info":"<p>Monday to Friday<\/p>\n<p>10am - 6.30pm (NewYork time)<\/p>","phone_title_2":"PRODUCTS & ORDERS","phone_text_2":"+09123 456 789","phone_text_info_2":"<p>Monday to Friday<\/p>\n<p>10am - 6.30pm (NewYork time)<\/p>","location_title":"STORE LOCATOR","location_text":"521 Fifth Avenue, Pelham, NY 10783"}},"template-services":{"type":"template-services","blocks":{"1525765512903":{"type":"service-block","settings":{"icon":"wallet","title":"Cash & Carry","text":"<p>Lorem ipsum dolor sit amet, consectetur adipiscing elit, sed do eiusmod tempor incididunt ut labore et dolore magna aliqua. Ut enim ad minim veniam, quis nostrud exercitation ullamco laboris nisi ut aliquip ex ea commodo consequat.<\/p>\n<p><br> &bull;&nbsp; Lorem ipsum dolor sit amet <br> &bull;&nbsp; Sed do eiusmod tempor incididunt<br> &bull;&nbsp; Ut labore et dolore magna aliqua.<br> &bull;&nbsp; Quis nostrud exercitation ullamco<\/p>"}},"1525765841730":{"type":"service-block","settings":{"icon":"tags","title":"Pick-Up from a Post Parcel","text":"<p>Point in your City<br>Lorem ipsum dolor sit amet, consectetur adipiscing elit, sed do eiusmod tempor incididunt ut labore et dolore magna aliqua. Ut enim ad minim veniam, quis nostrud exercitation ullamco laboris nisi ut aliquip ex ea commodo consequat.<\/p>\n<p><br> &bull;&nbsp; Lorem ipsum dolor sit amet <br> &bull;&nbsp; Sed do eiusmod tempor incididunt<br> &bull;&nbsp; Ut labore et dolore magna aliqua.<br> &bull;&nbsp; Quis nostrud exercitation ullamco<\/p>"}},"1525765898942":{"type":"service-block","settings":{"icon":"bag","title":"Shipment to The Door","text":"<p>Lorem ipsum dolor sit amet, consectetur adipiscing elit, sed do eiusmod tempor incididunt ut labore et dolore magna aliqua. Ut enim ad minim veniam, quis nostrud exercitation ullamco laboris nisi ut aliquip ex ea commodo consequat.<\/p>\n<p><br> &bull;&nbsp; Lorem ipsum dolor sit amet <br> &bull;&nbsp; Sed do eiusmod tempor incididunt<br> &bull;&nbsp; Ut labore et dolore magna aliqua.<br> &bull;&nbsp; Quis nostrud exercitation ullamco<\/p>"}},"1525767411000":{"type":"delivery","settings":{"title":"International Delivery","image":"","text":"<p><strong>Pick-Up from a Post Parcel Point in your City<\/strong><br>Lorem ipsum dolor sit amet, consectetur adipiscing elit, sed do eiusmod tempor incididunt ut labore et dolore magna aliqua. Ut enim ad minim veniam, quis nostrud exercitation ullamco laboris nisi ut aliquip ex ea commodo consequat.<\/p>\n<p><\/p>\n<p><\/p>\n<p>1.&nbsp;&nbsp;Lorem ipsum dolor sit amet <br>2.&nbsp;&nbsp;Sed do eiusmod tempor incididunt<br>3.&nbsp; Ut labore et dolore magna aliqua.<\/p>\n<p><\/p>\n<p>Ut enim ad minim veniam, quis nostrud exercitation ullamco laboris nisi ut aliquip ex ea commodo consequat.<\/p>","note":"Ut enim ad minim veniam, quis nostrud exercitation ullamco laboris nisi ut aliquip ex ea commodo consequat."}}},"block_order":["1525765512903","1525765841730","1525765898942","1525767411000"],"settings":{"delivery_title":""}},"header-1":{"type":"header-1","blocks":{"1565951062484":{"type":"link-linklist","settings":{"title":"Home","link":"https:\/\/theme779-apparel.myshopify.com","badge_text":"","bg_color":"#159ec9","links":"main-menu"}},"1570714956085":{"type":"link-simple","settings":{"title":"Sections All","link":"shopify:\/\/pages\/sections-all","badge_text":"","bg_color":"#159ec9"}},"1565953378400":{"type":"3link-2ban","settings":{"title":"Catalog","link":"shopify:\/\/collections\/all","badge_text":"New","bg_color":"#f80000","show_title":true,"image_1":"","links_1":"","image_2":"","links_2":"","image_3":"","links_3":"","banner_link_1":"shopify:\/\/collections\/ethnic","banner_image_1":"","banner_title_1":"Autumn 2019","banner_text_1":"NEW IN","banner_link_2":"shopify:\/\/collections\/sale","banner_image_2":"","banner_title_2":"SALE","banner_text_2":"Get up to 20% off"}},"1568366330325":{"type":"2link-2ban","settings":{"title":"Collections","link":"shopify:\/\/collections","badge_text":"sale","bg_color":"#159ec9","links_1":"","links_2":"","banner_link_1":"shopify:\/\/products\/alifair_bow_detail_peep-toe_courts","banner_image_1":"","item_title_1":"Summer Clothes 2019\/20","banner_link_2":"shopify:\/\/products\/lexia_textured_leather_bag","banner_image_2":"","item_title_2":"Summer Clothes 2019\/20"}},"1568382546166":{"type":"2link-3ban","settings":{"title":"Clearance","link":"shopify:\/\/collections\/sale","badge_text":"","bg_color":"#159ec9","show_title":false,"links_1":"","links_2":"","banner_link_1":"shopify:\/\/collections\/hats-caps","banner_image_1":"","title_bn_1":"Men","banner_link_2":"shopify:\/\/collections\/sale","banner_image_2":"","title_bn_2":"Final clearence","banner_link_3":"shopify:\/\/collections\/hats-caps","banner_image_3":"","title_bn_3":"Women"}},"1568288161990":{"type":"link-simple","settings":{"title":"Contact Us","link":"shopify:\/\/pages\/contact-us","badge_text":"","bg_color":"#159ec9"}}},"block_order":["1565951062484","1570714956085","1565953378400","1568366330325","1568382546166","1568288161990"],"settings":{"logo_type":"img","logo_width":130,"logo_height":40,"logo_main":"","logo_slogan":"","header_search":true,"header_search_ajax":true,"currency_selector":true,"supported_currencies":"USD EUR GBP","header_user":true,"header_cart":true,"ajax_cart":true,"megamenu_toggle":true}},"footer-1":{"type":"footer-1","blocks":{"1569242264523":{"type":"contacts","settings":{"contacts_title":"Customer service","contacts_address":"<p>Monday to Friday<\/p><p>10am - 6.30pm <\/p><p>(NewYork time)<\/p>","contacts_phone":"+(001) 23 45 67 89","contacts_email":"shopify@zemez.io","contacts_email_title":"Send us a message"}},"1569071510286":{"type":"linklist","settings":{"links":"your-account"}},"1569071522685":{"type":"linklist","settings":{"links":"our-company"}}},"block_order":["1569242264523","1569071510286","1569071522685"],"settings":{"newsletter":true,"newsletter_title":"Newsletter","newsletter_text":"Trends, new arrivals, offers, sign-up to our newsletter and enjoy exclusive sales!","powered_toggle":true,"payment_icons_toggle":true,"amazon_payments":true,"apple_pay":true,"amex":true,"bitcoin":false,"dankort":false,"diners_club":false,"discover":false,"dogecoin":false,"dwolla":false,"jcb":false,"litecoin":false,"maestro":true,"mastercard":true,"paypal":true,"visa":true,"google-wallet":true,"social_menu":true,"social_fb":"https:\/\/www.facebook.com\/zemezlab\/","social_tw":"https:\/\/twitter.com\/zemezlab","social_inst":"https:\/\/www.instagram.com\/zemezlab","social_pin":"https:\/\/www.pinterest.com\/templatemonster","social_yt":"https:\/\/www.youtube.com\/channel\/UCPW43un8VFXHe9LxKpR_2Hg"}},"helper":{"type":"helper","settings":{}},"header-2":{"type":"header-2","blocks":{"1568649904694":{"type":"link-linklist","settings":{"title":"Home","link":"\/","badge_text":"","bg_color":"#159ec9","links":"main-menu"}},"1568710279425":{"type":"3link-2ban","settings":{"title":"Catalog","link":"shopify:\/\/collections\/all","badge_text":"","bg_color":"#159ec9","show_title":true,"links_1":"","links_2":"","links_3":"","banner_link_1":"shopify:\/\/collections\/ethnic","banner_title_1":"Autumn 2019","banner_text_1":"NEW IN","banner_link_2":"shopify:\/\/collections\/hats-caps","banner_title_2":"SALE","banner_text_2":"Get up to 20% off"}},"1568710505955":{"type":"2link-2ban","settings":{"title":"Collections","link":"shopify:\/\/collections","badge_text":"","bg_color":"#159ec9","links_1":"","links_2":"","banner_link_1":"shopify:\/\/collections\/sale","item_title_1":"Summer Clothes 2019\/20","banner_link_2":"shopify:\/\/collections\/hats-caps","item_title_2":"Summer Clothes 2019\/20"}},"6b15f99a-a1a3-4a57-8b0e-e3582d72fd59":{"type":"link-simple","settings":{"title":"Clearance","link":"shopify:\/\/pages\/about-us","badge_text":"","bg_color":"#159ec9"}},"d0dddccd-94ab-40bf-ac97-ad7d769b6612":{"type":"link-simple","settings":{"title":"Sections all","link":"shopify:\/\/pages\/sections-all","badge_text":"","bg_color":"#159ec9"}},"1568710659852":{"type":"link-simple","settings":{"title":"Contact Us","link":"shopify:\/\/pages\/contact-us","badge_text":"","bg_color":"#159ec9"}}},"block_order":["1568649904694","1568710279425","1568710505955","6b15f99a-a1a3-4a57-8b0e-e3582d72fd59","d0dddccd-94ab-40bf-ac97-ad7d769b6612","1568710659852"],"settings":{"inverted":true,"top_pannel_text":"free delivery for orders over <em>$100<\/em>","top_pannel_link":"shopify:\/\/collections","contacts_phone":"(308) 555-0121","logo_type":"txt","logo_width":160,"logo_height":40,"logo_slogan":"Shopify Clean Theme","header_search":true,"header_search_ajax":true,"currency_selector":true,"supported_currencies":"USD EUR GBP","header_user":true,"header_cart":true,"ajax_cart":true,"megamenu_toggle":true}},"header-3":{"type":"header-3","blocks":{"1568710815598":{"type":"link-linklist","settings":{"title":"Home","link":"https:\/\/theme920-roxxe-computer-store.myshopify.com\/","badge_text":"","bg_color":"#159ec9","links":"main-menu"}},"1590054471103":{"type":"link-simple","settings":{"title":"Section All","link":"shopify:\/\/pages\/sections-all","badge_text":"","bg_color":"#159ec9"}},"1568711072968":{"type":"2link-2ban","settings":{"title":"Collections","link":"shopify:\/\/collections","badge_text":"hot","bg_color":"#ffcb2e","links_1":"","links_2":"","banner_link_1":"shopify:\/\/collections\/lures-baits","banner_image_1":"","item_title_1":"Summer  2019\/20","banner_link_2":"shopify:\/\/products\/berkley-frenzy-firestick-wobbler-minnow-biat-suspending","banner_image_2":"","item_title_2":"Summer 2019\/20"}},"1590054364502":{"type":"link-simple","settings":{"title":"Clearance","link":"shopify:\/\/collections\/all","badge_text":"new","bg_color":"#70c23e"}},"1568711270790":{"type":"link-simple","settings":{"title":"Contact Us","link":"shopify:\/\/pages\/contact-us","badge_text":"","bg_color":"#159ec9"}},"1590054397868":{"type":"link-simple","settings":{"title":"About Us","link":"shopify:\/\/pages\/about-us","badge_text":"","bg_color":"#159ec9"}}},"block_order":["1568710815598","1590054471103","1568711072968","1590054364502","1568711270790","1590054397868"],"settings":{"logo_type":"img","logo_width":150,"logo_height":50,"logo_main":"","logo_slogan":"","inverted":false,"top_pannel_text":"","top_pannel_link":"","header_search":true,"header_search_ajax":true,"currency_selector":true,"supported_currencies":"USD EUR GBP","header_user":true,"header_cart":true,"ajax_cart":true,"contacts_phone":"","contacts_info":"","megamenu_toggle":true}},"footer-2":{"type":"footer-2","blocks":{"1569312935592":{"type":"linklist","settings":{"links":""}},"1569313094900":{"type":"contacts","settings":{"contacts_title":"Customer  Service","contacts_address":"<p>Monday to Friday <br>10am - 6.30pm (NewYork time) <\/p>","contacts_phone":"+(001) 23 45 67 89","contacts_email":"shopify@zemez.io"}},"1569312948317":{"type":"linklist","settings":{"links":""}},"1569313085095":{"type":"linklist","settings":{"links":""}}},"block_order":["1569312935592","1569313094900","1569312948317","1569313085095"],"settings":{"newsletter":true,"newsletter_title":"Get our latest news and special sales","newsletter_text":"You may unsubscribe at any moment. For that purpose, please find our contact info in the legal notice.","powered_toggle":true,"payment_icons_toggle":true,"amazon_payments":true,"apple_pay":true,"amex":false,"bitcoin":true,"dankort":false,"diners_club":false,"discover":false,"dogecoin":false,"dwolla":false,"jcb":true,"litecoin":false,"maestro":true,"mastercard":true,"paypal":true,"visa":true,"google-wallet":true,"social_menu":true,"social_fb":"https:\/\/www.facebook.com\/zemezlab\/","social_tw":"https:\/\/twitter.com\/zemezlab","social_inst":"https:\/\/www.instagram.com\/zemezlab","social_pin":"","social_yt":"https:\/\/www.youtube.com\/channel\/UCPW43un8VFXHe9LxKpR_2Hg"}},"footer-3":{"type":"footer-3","blocks":{"1569328746484":{"type":"about","settings":{"footer_logo":"","about_text":"<p>Apparelix our favorites fashionable discoveries, a<\/p>\n<p>selection of cool items to integrate in your<\/p>\n<p>wardrobe. Compose a unique style with personality<\/p>\n<p>which matches your own.<\/p>","payment_icons_toggle":true,"amazon_payments":true,"apple_pay":true,"amex":true,"bitcoin":true,"dankort":false,"diners_club":false,"discover":false,"dogecoin":false,"dwolla":false,"jcb":false,"litecoin":true,"maestro":true,"mastercard":true,"paypal":true,"visa":true,"google-wallet":true}},"1569331219613":{"type":"linklist","settings":{"links":""}},"1569329389276":{"type":"linklist","settings":{"links":""}},"1569329401355":{"type":"contacts","settings":{"contacts_title":"Customer Service","contacts_address":"<p>Monday to Friday<br>10am - 6.30pm <br>(NewYork time)<\/p>","contacts_phone":"+(001) 23 45 67 89","contacts_email":"shopify@zemez.io"}},"1569332818262":{"type":"instagram","settings":{"block_title":"Instagram","instagram_user_id":"5505315669","instagram_access_token":"5505315669.d90570a.71dff328ce46438d9ba8fa0f3fac51eb","instagram_img_number":"4"}}},"block_order":["1569328746484","1569331219613","1569329389276","1569329401355","1569332818262"],"settings":{"powered_toggle":true,"menu_toggle":true,"menu_linklist":"footer","social_menu":true,"social_fb":"https:\/\/www.facebook.com\/zemezlab\/","social_tw":"https:\/\/twitter.com\/zemezlab","social_inst":"https:\/\/www.instagram.com\/zemezlab","social_pin":"","social_yt":"https:\/\/www.youtube.com\/channel\/UCPW43un8VFXHe9LxKpR_2Hg"}},"template-cart":{"type":"template-cart","settings":{"show_policy":true,"security_page":"shopify:\/\/policies\/terms-of-service","security_text":"Security policy","delivery_page":"shopify:\/\/policies\/privacy-policy","delivery_text":"Delivery policy","return_page":"shopify:\/\/policies\/refund-policy","return_text":"Return policy"}},"index-banners":{"type":"index-banners","blocks":{"1570717078324":{"type":"banner_33","settings":{"banner_style":"telling","item_img":"shopify:\/\/shop_images\/image_21_600x400_aa3dcb6d-b4bc-45da-8b7f-97ae30e6e19f.png","vertical_caption_alignment":"flex-start","caption_align":"left","item_subtitle":"Find your home","item_title":"","item_text_simple":"","item_text":"Summer Clothes 2019\/20","inverted":false,"button_text":"","item_2_link":"shopify:\/\/collections\/new-constructions","button_2_text":"Shop now"}},"1570717082515":{"type":"banner_33","settings":{"banner_style":"minimal","item_img":"shopify:\/\/shop_images\/image_22_600x400_b2249e54-5c91-47c4-9156-986fe95b2a74.png","vertical_caption_alignment":"flex-start","caption_align":"center","item_subtitle":"","item_title":"","item_text_simple":"","item_text":"Summer Clothes 2019\/20","inverted":false,"item_link":"shopify:\/\/collections\/t-shirts","button_text":"","button_2_text":""}},"1570717085655":{"type":"banner_33","settings":{"banner_style":"telling","item_img":"shopify:\/\/shop_images\/image_23_600x400_fecc3544-c24b-48fa-a308-a9d1394e0dc1.png","vertical_caption_alignment":"flex-end","caption_align":"left","item_subtitle":"","item_title":"","item_text_simple":"","item_text":"","inverted":false,"item_link":"shopify:\/\/collections\/farms-ranches","button_text":"View now","button_2_text":""}}},"block_order":["1570717078324","1570717082515","1570717085655"],"settings":{"section_title":"","section_view":"boxed"}},"index-banners_demo_1":{"type":"index-banners_demo_1","blocks":{"1570717374761":{"type":"banner_50","settings":{"banner_style":"minimal","item_img":"shopify:\/\/shop_images\/image_24_800x533_dbd5301a-e64a-4d09-9fb3-723b65a86902.png","item_subtitle":"","item_title":"","item_text":"Condos & Townhomes","inverted":true,"item_link":"shopify:\/\/collections\/condos-townhomes","button_text":"SHOP","button_2_text":""}},"1570717389249":{"type":"banner_50","settings":{"banner_style":"minimal","item_img":"shopify:\/\/shop_images\/image_25_800x533_c2b2b69d-6983-4356-b09a-33ef2d0391c1.png","item_subtitle":"","item_title":"","item_text":"Farms & Ranches","inverted":false,"item_link":"shopify:\/\/collections\/farms-ranches","button_text":"SHOP","button_2_text":""}}},"block_order":["1570717374761","1570717389249"],"settings":{"section_title":""}},"index-banners_demo_2":{"type":"index-banners_demo_2","blocks":{"1570718620961":{"type":"banner_100","settings":{"banner_style":"telling","item_img":"shopify:\/\/shop_images\/image_26_1920x850_f58783a0-f182-42df-9fd4-6eb1c43ea1d1.png","item_subtitle":"Qualified Agents","item_title":"<p>Find your dream home!<\/p>","item_text":"New collection","inverted":false,"item_link":"shopify:\/\/collections\/new-constructions","button_text":"Shop now","item_2_link":"shopify:\/\/pages\/about-us","button_2_text":"About Us"}}},"block_order":["1570718620961"],"settings":{"section_title":""}},"index-collection-list":{"type":"index-collection-list","blocks":{"1570718772183":{"type":"featured_collection","settings":{"item_collection":"condos-townhomes"}},"1570718801901":{"type":"featured_collection","settings":{"item_collection":"farms-ranches"}},"1570718863632":{"type":"featured_collection","settings":{"item_collection":"new-constructions"}},"1570718882094":{"type":"featured_collection","settings":{"item_collection":"rentals"}}},"block_order":["1570718772183","1570718801901","1570718863632","1570718882094"],"settings":{"section_title":"Collections","collections_layout":"boxed","style":"type_2","img_alignment":"top","show_view_all":false}},"index-collection-list-demo":{"type":"index-collection-list-demo","blocks":{"1570719817259":{"type":"featured_collection","settings":{"item_collection":"single-family-home"}},"1570719821334":{"type":"featured_collection","settings":{"item_collection":"sales"}},"1570719822580":{"type":"featured_collection","settings":{"item_collection":"rentals"}},"1570719823654":{"type":"featured_collection","settings":{"item_collection":"new-constructions"}}},"block_order":["1570719817259","1570719821334","1570719822580","1570719823654"],"settings":{"section_title":"Collections","collections_layout":"full_width","style":"type_2","img_alignment":"top","show_view_all":true}},"index-products-carousel":{"type":"index-products-carousel","settings":{"section_view":"boxed","section_title":"Find your property","section_collection":"rentals","products_count":"10","img_size":"medium","img_alignment":"top"}},"index-slideshow":{"type":"index-slideshow","blocks":{"1570720233200":{"type":"image","settings":{"image":"shopify:\/\/shop_images\/image_27_1920x850_1c7ab473-3b53-40d2-8379-57c87fbbad91.png","img_alignment":"top","caption_position":"center","inverted":true,"caption_txt2":"Find your home","caption_txt1":"<p>Our best offers<\/p>","caption_txt3":"View now","caption_link":"shopify:\/\/collections","caption_txt4":""}},"1570720236302":{"type":"image","settings":{"image":"shopify:\/\/shop_images\/image_26_1920x850_f58783a0-f182-42df-9fd4-6eb1c43ea1d1.png","img_alignment":"top","caption_position":"right","inverted":false,"caption_txt2":"If you are looking for a place to buy or rent, we know what to offer you.","caption_txt1":"","caption_txt3":"SHOP NOW","caption_link":"shopify:\/\/collections\/all","caption_txt4":""}}},"block_order":["1570720233200","1570720236302"],"settings":{"slideshow_layout":"full_width","autoplay":true,"autoplay_speed":"5000","slideshow_height":"small","slideshow_pagination":"dynamicBullets","slideshow_effect":"slide"}},"index-slideshow-demo":{"type":"index-slideshow-demo","blocks":{"1570720403662":{"type":"image","settings":{"image":"shopify:\/\/shop_images\/image_26_1920x850_f58783a0-f182-42df-9fd4-6eb1c43ea1d1.png","img_alignment":"top","caption_position":"center","inverted":false,"caption_txt2":"","caption_txt1":"<p>Find your dream home!<\/p>","caption_txt3":"Shop now","caption_link":"shopify:\/\/collections\/all","caption_txt4":""}},"1570720547701":{"type":"image","settings":{"image":"shopify:\/\/shop_images\/image_27_1920x850_1c7ab473-3b53-40d2-8379-57c87fbbad91.png","img_alignment":"top","caption_position":"right","inverted":true,"caption_txt2":"Discover a property you'll love to live","caption_txt1":"","caption_txt3":"SHOP NOW","caption_link":"shopify:\/\/collections\/new-constructions","caption_txt4":""}}},"block_order":["1570720403662","1570720547701"],"settings":{"slideshow_layout":"boxed","autoplay":true,"autoplay_speed":"7000","slideshow_height":"small","slideshow_pagination":"fraction","slideshow_effect":"fade"}},"index-testimonials":{"type":"index-testimonials","blocks":{"1570720694537":{"type":"quote","settings":{"star":"4","quote":"Hi, my order arrived yesterday. I love it! Thank you! What a fast service...you guys are great! I wish every site was like this one.","author":"Jessica Priston"}},"1570720742315":{"type":"quote","settings":{"star":"4","quote":"Thank you again and again! I have experienced the fastest support ever. My order arrived on my doorstep the following day. Your team is always friendly and very helpful.","author":"John Doe"}},"1570720757398":{"type":"quote","settings":{"star":"5","quote":"Hi, guys! I want to thank you for my very very quick delivery and I just love my order! Your company efficient services and customer care are second to none! I am very happy!","author":"Sam Kromstain"}},"1570720786279":{"type":"quote","settings":{"star":"4","quote":"I loved everything about buying from you! My purchase was carefully packaged and quickly shipped. I was also pleased with great service and delivery times.","author":"Edna Barton"}}},"block_order":["1570720694537","1570720742315","1570720757398","1570720786279"],"settings":{"title":"Testimonials","background_color":"","style":"type_2","caption_text":"Reviews from:"}},"index-testimonials-demo-1":{"type":"index-testimonials-demo-1","blocks":{"1570720825646":{"type":"quote","settings":{"star":"5","quote":"Hi, guys! I'm so impressed!!! Your service is unbeaten, support staff is so friendly...very knowledgeable and professional team!","author":"John Doe"}},"1570720836630":{"type":"quote","settings":{"star":"4","quote":"WOW!!! I have no words! It was a unique and very enjoyable experience. You have such a diverse variety of beautiful products of the highest quality plus superb service.","author":"Jessica Priston"}},"1570720838987":{"type":"quote","settings":{"star":"5","quote":"Hi, my order arrived yesterday. I love it! Thank you! What a fast service...you guys are great! I wish every site was like this one.","author":"Sam Kromstain"}},"1570720841492":{"type":"quote","settings":{"star":"5","quote":"Thank you again and again! I have experienced the fastest support ever. My order arrived on my doorstep the following day. Your team is always friendly and very helpful.","author":"Edna Barton"}}},"block_order":["1570720825646","1570720836630","1570720838987","1570720841492"],"settings":{"title":"Testimonials","style":"type_1","caption_text":"Reviews from:"}},"index-testimonials-demo-2":{"type":"index-testimonials-demo-2","blocks":{"1570721072578":{"type":"quote","settings":{"star":"4","quote":"Hi, my order arrived yesterday. I love it! Thank you! What a fast service...you guys are great! I wish every site was like this one.","author":"Edna Barton"}},"1570721079893":{"type":"quote","settings":{"star":"5","quote":"Thank you again and again! I have experienced the fastest support ever. My order arrived on my doorstep the following day. Your team is always friendly and very helpful.","author":"Sam Kromstain"}},"1570721082528":{"type":"quote","settings":{"star":"4","quote":"Hi, guys! I want to thank you for my very very quick delivery and I just love my order! Your company efficient services and customer care are second to none!","author":"Jessica Priston"}},"1570721084630":{"type":"quote","settings":{"star":"5","quote":"I loved everything about buying from you! My purchase was carefully packaged and quickly shipped. I was also pleased with great service and delivery times.","author":"John Doe"}}},"block_order":["1570721072578","1570721079893","1570721082528","1570721084630"],"settings":{"title":"Testimonials","style":"type_3","caption_text":"Reviews from:"}},"index-image-with-text":{"type":"index-image-with-text","blocks":{"1570721294900":{"type":"heading","settings":{"text":"<p>A TEAM THAT&#x27;S EMPOWERED, DIVERSE AND INCLUSIVE<\/p>"}},"1570721310079":{"type":"text","settings":{"text":"<p>Our store is more than just another average online retailer. We sell not only top quality products, but give our customers a positive online shopping experience. Forget about struggling to do everything at once: taking care of the family, running your business, walking your dog, cleaning the house, doing the shopping, etc.<\/p>"}},"1570721321613":{"type":"list","settings":{"text":"<p>&bull; We guarantee the highest quality<br>&bull; We deliver our goods worldwide<br>&bull; We work to make your life more enjoyable<\/p>"}}},"block_order":["1570721294900","1570721310079","1570721321613"],"settings":{"hide_section":false,"section_view":"boxed","inverted":false,"image":"shopify:\/\/shop_images\/image_17_aa9f59f8-a3e1-461e-ae44-f6e857f747a6.png","background_color":"","layout":"right","img_size":"small","img_alignment":"center","centred":false}},"index-featured-products":{"type":"index-featured-products","settings":{"section_title":"Featured products","section_collection":"rentals","products_limit":"4","img_size":"280x280","img_alignment":"top"}},"index-newsletter":{"type":"index-newsletter","settings":{"hide_section":false,"title":"NEWSLETTER","text":"Sign up to receive emails on new product arrivals, special offers and exclusive events","background_toggle":true,"bg_color":"#ffffff","social_menu":false,"social_fb":"","social_tw":"","social_inst":"","social_pin":"","social_yt":""}},"index-blog-articles":{"type":"index-blog-articles","settings":{"section_title":"","section_blog":"news","section_blog_limit":"2","img_alignment":"top","text_position":"normal","blog_author":false}},"template-contact-form":{"type":"template-contact-form","settings":{"item_form_title":"Have a question about a product, our company, or just want to chat? Email us!","item_form_text":"We will be glad to assist you in any question and encourage you to share your ideas and improvements with us."}},"template-account":{"type":"template-account","settings":{"welcome_text":"From your \"My Account\" page you have the ability to view your recent account activity and update your account information. Just select a link below."}},"index-banners-about":{"type":"index-banners-about","blocks":{"1602592216251":{"type":"banner_50","settings":{"banner_style":"minimal","item_img":"shopify:\/\/shop_images\/image_21_600x400_25ba9dae-b737-440d-84f4-a5cfff9cc8e0.png","item_subtitle":"","item_title":"need a professional cleaning service?","item_text":"","inverted":false,"button_text":"","button_2_text":""}},"1602592256561":{"type":"banner_50","settings":{"banner_style":"telling","item_img":"shopify:\/\/shop_images\/image_22_600x400_b2249e54-5c91-47c4-9156-986fe95b2a74.png","item_subtitle":"","item_title":"The Highest  Quality  of Products","item_text":"","inverted":true,"item_link":"shopify:\/\/pages\/contact-us","button_text":"Contact Us","button_2_text":""}}},"block_order":["1602592216251","1602592256561"],"settings":{"section_title":""}},"index-banners-about-2":{"type":"index-banners-about-2","blocks":{"1572872696820":{"type":"banner_33","settings":{"banner_style":"telling","item_img":"","item_subtitle":"","item_title":"Contact with us","item_text":"","inverted":false,"item_link":"shopify:\/\/pages\/contact-us","button_text":"","item_2_link":"","button_2_text":""}},"1572872735490":{"type":"banner_33","settings":{"banner_style":"telling","item_img":"","item_subtitle":"","item_title":"Hot offers","item_text":"","inverted":false,"item_link":"shopify:\/\/collections","button_text":"","item_2_link":"","button_2_text":""}},"1572872748283":{"type":"banner_33","settings":{"banner_style":"telling","item_img":"","item_subtitle":"","item_title":"","item_text":"Delivery to all regions","inverted":false,"item_link":"shopify:\/\/pages\/delivery-info","button_text":"","item_2_link":"","button_2_text":""}}},"block_order":["1572872696820","1572872735490","1572872748283"],"settings":{"section_title":""}},"index-image-with-text-about":{"type":"index-image-with-text-about","blocks":{"1572872790802":{"type":"heading","settings":{"text":"<p>THE HIGHEST <em>QUALITY<\/em><\/p>\n<p><em>OF PRODUCTS<\/em><\/p>"}},"1572872808778":{"type":"text","settings":{"text":"Our store is more than just another average online retailer. We sell not only top quality products, but give our customers a positive online shopping experience. Forget about struggling to do everything at once: taking care of the family, running your business, walking your dog, cleaning the house, doing the shopping, etc."}}},"block_order":["1572872790802","1572872808778"],"settings":{"image":"shopify:\/\/shop_images\/image_18_11e08e7e-3029-47a5-b14d-ef203208631e.png","layout":"right","img_size":"small","img_alignment":"center","centred":true}},"index-single-product":{"type":"index-single-product","settings":{"single_product":"1125_9th_st_miami_beach","product_view_type":"tile","image_alignment":"top","show_sku":false,"show_short_desk":true,"show_color":true,"show_size":true,"show_vendor":true,"show_product_types":true,"show_barcode":false,"show_weight":false,"show_tags":true,"show_collections":false,"show_buybutton":true,"buybutton_text":"Buy in one click","show_policy":false,"security_page":"shopify:\/\/policies\/privacy-policy","security_text":"Security policy","delivery_page":"shopify:\/\/pages\/delivery-info","delivery_text":"Delivery policy","return_page":"shopify:\/\/policies\/refund-policy","return_text":"Return policy","product_short_info":"<h5>Product details<\/h5>\n<p>• Smooth woven fabric<\/p>\n<p>• The kind that doesn't stretch<\/p>\n<p>• Main: 100% Rayon.<\/p>"}},"index-lookbook":{"type":"index-lookbook","blocks":{"1574776479729":{"type":"item","settings":{"item_product":"1125_9th_st_miami_beach","item_x":35,"item_y":50,"item_horizontal_align":"right","item_vertical_align":"bottom"}},"1574776505022":{"type":"item","settings":{"item_product":"2301_collins_ave_ph21_miami","item_x":80,"item_y":8,"item_horizontal_align":"left","item_vertical_align":"bottom"}},"1574776576172":{"type":"item","settings":{"item_product":"3243_back_cir","item_x":91,"item_y":50,"item_horizontal_align":"left","item_vertical_align":"bottom"}}},"block_order":["1574776479729","1574776505022","1574776576172"],"settings":{"hide_section":false,"image":"shopify:\/\/shop_images\/image_27_1920x850_1c7ab473-3b53-40d2-8379-57c87fbbad91.png","img_alignment":"top"}},"index-image-with-text-overlay":{"type":"index-image-with-text-overlay","blocks":{"1580304252267":{"type":"header_h2","settings":{"title":"Our best offers"}},"1580303943077":{"type":"button","settings":{"button_label":"Shop","button_link":"shopify:\/\/collections\/farms-ranches"}}},"block_order":["1580304252267","1580303943077"],"settings":{"hide_section":false,"section_height":"medium","section_view":"full_width","image":"shopify:\/\/shop_images\/image_27_1920x850_1c7ab473-3b53-40d2-8379-57c87fbbad91.png","img_alignment":"top","parallax":true,"img_alignment_2":"top","parallax_2":false,"caption_align":"left","inverted":false,"caption_bg_color":"#ffffff","caption_bg_color_opacity":0.7}},"sect_all":{"type":"sect_all","settings":{}},"1592336277652":{"type":"index-divider","settings":{"section_view":"full_width","padding_top":70,"padding_bottom":43,"margin_top":0,"margin_bottom":15,"background_color":"#f6f8fa","tablet_padding_top":38,"tablet_padding_bottom":28,"tablet_margin_top":0,"tablet_margin_bottom":15}},"1592421313694":{"type":"index-divider","settings":{"section_view":"boxed","padding_top":44,"padding_bottom":70,"margin_top":0,"margin_bottom":0,"background_color":"","tablet_padding_top":13,"tablet_padding_bottom":13,"tablet_margin_top":0,"tablet_margin_bottom":0}},"1592466710443":{"type":"index-divider","settings":{"section_view":"full_width","padding_top":100,"padding_bottom":10,"margin_top":0,"margin_bottom":0,"background_color":"#f6f8fa","tablet_padding_top":40,"tablet_padding_bottom":0,"tablet_margin_top":0,"tablet_margin_bottom":0}},"1600702388848":{"type":"index-divider","settings":{"section_view":"boxed","padding_top":70,"padding_bottom":45,"margin_top":0,"margin_bottom":0,"background_color":"","tablet_padding_top":15,"tablet_padding_bottom":16,"tablet_margin_top":0,"tablet_margin_bottom":0}},"1601922455982":{"type":"index-image-with-text","blocks":{"1601922455982-1":{"type":"subheading","settings":{"text":"find your property"}},"1601922455982-0":{"type":"heading","settings":{"text":"<p>Discover a<\/p><p>property you&#x27;ll <\/p><p>love to live<\/p>"}},"1601922455982-2":{"type":"text","settings":{"text":"<p>We are a full-service, luxury real estate brokerage and <\/p><p>lifestyle company representing clients worldwide in a broad <\/p><p>spectrum of classes.<\/p>"}},"1601937910404":{"type":"button","settings":{"button_link":"shopify:\/\/collections\/all","button_text":"View now"}}},"block_order":["1601922455982-1","1601922455982-0","1601922455982-2","1601937910404"],"settings":{"hide_section":false,"section_view":"boxed","inverted":false,"image":"shopify:\/\/shop_images\/image_18.png","background_color":"#f6f8fa","layout":"right","img_size":"small","img_alignment":"top","centred":false}},"1601939590586":{"type":"index-banners","blocks":{"1601939609746":{"type":"banner_33","settings":{"banner_style":"telling","item_img":"shopify:\/\/shop_images\/image_12.png","vertical_caption_alignment":"flex-start","caption_align":"left","item_subtitle":"","item_title":"<p>Offering <\/p><p>quality real <\/p><p>estate services<\/p>","item_text_simple":"","item_text":"","inverted":false,"button_text":"","item_2_link":"shopify:\/\/collections\/farms-ranches","button_2_text":"Free consultation"}},"1601939633827":{"type":"banner_33","settings":{"banner_style":"telling","item_img":"shopify:\/\/shop_images\/image_13.png","vertical_caption_alignment":"center","caption_align":"center","item_subtitle":"Want to sell a home?","item_title":"<p>call (308) 555-0121<\/p>","item_text_simple":"","item_text":"","inverted":false,"button_text":"","item_2_link":"shopify:\/\/collections\/rentals","button_2_text":"Get now"}},"1601939646978":{"type":"banner_33","settings":{"banner_style":"telling","item_img":"shopify:\/\/shop_images\/image_14.png","vertical_caption_alignment":"flex-start","caption_align":"left","item_subtitle":"","item_title":"<p>Take the first step <\/p><p>to the buying your<\/p><p>new home<\/p>","item_text_simple":"","item_text":"","inverted":false,"button_text":"","item_2_link":"shopify:\/\/collections\/condos-townhomes","button_2_text":"Free consultation"}}},"block_order":["1601939609746","1601939633827","1601939646978"],"settings":{"section_title":"","section_view":"full_width"}},"1601942128036":{"type":"index-custom-content","blocks":{"1601942128036-1":{"type":"text","settings":{"icon":"shopify:\/\/shop_images\/010-broker_1.png","title":"Professional agents","text":"<p>Our agents are experienced and understanding experts who deliver fresh and effective solutions.<\/p>","width":"33%","align_text":"left"}},"1601942234228":{"type":"text","settings":{"icon":"shopify:\/\/shop_images\/029-location_1.png","title":"Property from anywhere","text":"<p>You can search for a desired property from any location. Our support experts are always ready to help you and answer your questions.<\/p>","width":"33%","align_text":"left"}},"1601942282798":{"type":"text","settings":{"icon":"shopify:\/\/shop_images\/006-bedroom_1.png","title":"Well-furnished interiors","text":"<p>All our properties are furnished and decorated to meet your  needs and expectations.<\/p>","width":"33%","align_text":"left"}}},"block_order":["1601942128036-1","1601942234228","1601942282798"],"settings":{"type_layout":"boxed","title":"We handle everything","background_toggle":true,"bg_color":"#ffffff","inverted":false}},"1602109041967":{"type":"index-custom-content_v2","blocks":{"1602109041967-1":{"type":"text","settings":{"icon":"shopify:\/\/shop_images\/016-customer_support_2.png","title":"","text":"<p><strong>Support 24\/7<\/strong><\/p><p>Our Support team is here for you<\/p>","width":"33%","align_text":"left"}},"1602109091216":{"type":"text","settings":{"icon":"shopify:\/\/shop_images\/026-insurance_2.png","title":"","text":"<p><strong>Securing the property<\/strong><\/p><p>We guarantee total security of your deal<\/p>","width":"33%","align_text":"left"}},"1602109151065":{"type":"text","settings":{"icon":"shopify:\/\/shop_images\/049-wallet_1.png","title":"","text":"<p><strong>Payment secure<\/strong><\/p><p>Payment 100% secured<\/p>","width":"33%","align_text":"left"}}},"block_order":["1602109041967-1","1602109091216","1602109151065"],"settings":{"type_layout":"boxed","title":"","background_toggle":true,"bg_color":"#18355d","inverted":true}},"1602113067180":{"type":"index-image-with-text","blocks":{"1602113067180-1":{"type":"subheading","settings":{"text":"Qualified Agents"}},"1602113067180-0":{"type":"heading","settings":{"text":"<p>Find your dream home! If <\/p><p>you are looking for a <\/p><p>place to buy or rent, we <\/p><p>know what to offer you.<\/p>"}},"1602113253531":{"type":"button","settings":{"button_link":"shopify:\/\/collections","button_text":"Free consultation"}}},"block_order":["1602113067180-1","1602113067180-0","1602113253531"],"settings":{"hide_section":false,"section_view":"full_width","inverted":true,"image":"shopify:\/\/shop_images\/image_17.png","background_color":"#18355d","layout":"left","img_size":"large","img_alignment":"center","centred":true}},"1602128103819":{"type":"index-testimonials","blocks":{"1602128103819-0":{"type":"quote","settings":{"star":"5","quote":"Lorem ipsum dolor sit amet, \nconsectetur adipiscing elit, sed do eiusmod tempor incididunt ut labore et dolore magna aliqua. Ut enim ad minim veniam,quis nostrud! Dolor consectetur duis ea aliquip mollit non duis.","author_img":"shopify:\/\/shop_images\/image_03.png","author":"Eduardo Black"}},"1602128103819-1":{"type":"quote","settings":{"star":"5","quote":"Lorem ipsum dolor sit amet, \nconsectetur adipiscing elit, sed do eiusmod tempor incididunt ut labore et dolore \nmagna aliqua!","author_img":"shopify:\/\/shop_images\/image_01.png","author":"Marvin Bell"}},"1602128103819-2":{"type":"quote","settings":{"star":"5","quote":"Lorem ipsum dolor sit amet, \nconsectetur adipiscing elit, sed do eiusmod tempor incididunt ut labore et dolore \nmagna aliqua. Ut enim ad minim veniam,quis nostrud! Dolor consectetur duis ea aliquip mollit non duis. Lorem ipsum dolor sit amet, \nconsectetur adipiscing elit.","author_img":"shopify:\/\/shop_images\/image_02.png","author":"Theresa Simmmons"}},"1602216699537":{"type":"quote","settings":{"star":"5","quote":"Lorem ipsum dolor sit amet, \nconsectetur adipiscing elit, sed do eiusmod tempor incididunt ut labore et dolore \nmagna aliqua!","author_img":"shopify:\/\/shop_images\/image_20.png","author":"Kristin Watson"}}},"block_order":["1602128103819-0","1602128103819-1","1602128103819-2","1602216699537"],"settings":{"title":"What customers say","background_color":"#f6f8fa","style":"type_2","caption_text":"Reviews from: <em>Trustpilot<\/em>"}},"1602138314048":{"type":"index-multiimage-with-text","blocks":{"1602138314048-0":{"type":"heading","settings":{"text":"Find your home"}},"1602138314048-2":{"type":"text","settings":{"text":"<p><strong>Every property we sell has numerous amenities that only add to your comfort and create a great atmosphere.<\/strong><\/p><p>The main goal is to provide our clients with the most complete list of services. We aim to expand our team of experts as there are more and more spheres of maintenance that we want to work with.<\/p>"}},"1602183834027":{"type":"button","settings":{"button_link":"shopify:\/\/pages\/about-us","button_text":"About Us"}}},"block_order":["1602138314048-0","1602138314048-2","1602183834027"],"settings":{"hide_section":false,"inverted":false,"image":"shopify:\/\/shop_images\/image_16.png","image_2":"shopify:\/\/shop_images\/image_15_53e1c7fc-b310-42c9-a268-3cb57e73ca48.png","img_alignment_bg":"top","layout":"left","img_size":"small","img_alignment":"top","centred":true}},"1602210223561":{"type":"index-custom-content","blocks":{"1602210533975":{"type":"html","settings":{"code":"<h3>Our company  <em>\ngoals<\/em>\n<\/h3>","width":"33%"}},"1602210661543":{"type":"html","settings":{"code":"<ul class=\"custom_list row \">\n  <li class=\"col-12 col-sm-6\">\n    <div class=\"d-inline-flex align-items-center\">\n      <span class=\"item_number\">22<\/span>\n      <p class=\"text\">Years of Experience<\/p>\n    <\/div>\n\n  <\/li>\n  <li class=\"col-12 col-sm-6\">\n    <div class=\"d-inline-flex align-items-center\">\n      <span class=\"item_number\">83<\/span>\n      <p class=\"text\">Professional agents<\/p>\n    <\/div>\n  \n  <\/li>\n  <li class=\"col-12 col-sm-6 mt-xl-5\">\n    <div class=\"d-inline-flex align-items-center\">\n      <span class=\"item_number\">958<\/span>\n      <p class=\"text\">Property\nlocations<\/p>\n    <\/div>\n\n  <\/li>\n  <li class=\"col-12 col-sm-6 mt-xl-5\">\n    <div class=\"d-inline-flex align-items-center\">\n      <span class=\"item_number\">34<\/span>\n      <p class=\"text\">Awards<\/p>\n    <\/div>\n  \n  <\/li>\n<\/ul>","width":"50%"}}},"block_order":["1602210533975","1602210661543"],"settings":{"type_layout":"boxed","title":"","background_toggle":true,"bg_color":"#ffffff","inverted":false}},"1602214128050":{"type":"index-divider","settings":{"section_view":"full_width","padding_top":60,"padding_bottom":38,"margin_top":0,"margin_bottom":0,"background_color":"","tablet_padding_top":16,"tablet_padding_bottom":15,"tablet_margin_top":0,"tablet_margin_bottom":0}},"1602214819750":{"type":"index-divider","settings":{"section_view":"full_width","padding_top":58,"padding_bottom":58,"margin_top":0,"margin_bottom":0,"background_color":"#f6f8fa","tablet_padding_top":23,"tablet_padding_bottom":22,"tablet_margin_top":0,"tablet_margin_bottom":0}},"1602214843812":{"type":"index-divider","settings":{"section_view":"full_width","padding_top":70,"padding_bottom":46,"margin_top":0,"margin_bottom":0,"background_color":"#f6f8fa","tablet_padding_top":16,"tablet_padding_bottom":18,"tablet_margin_top":0,"tablet_margin_bottom":0}},"1602217881328":{"type":"index-divider","settings":{"section_view":"full_width","padding_top":64,"padding_bottom":64,"margin_top":0,"margin_bottom":0,"background_color":"","tablet_padding_top":25,"tablet_padding_bottom":26,"tablet_margin_top":0,"tablet_margin_bottom":0}},"1602217969866":{"type":"index-divider","settings":{"section_view":"boxed","padding_top":5,"padding_bottom":0,"margin_top":0,"margin_bottom":0,"background_color":"","tablet_padding_top":3,"tablet_padding_bottom":0,"tablet_margin_top":0,"tablet_margin_bottom":0}},"index-custom-content":{"type":"index-custom-content","settings":{"type_layout":"full_width","title":"Custom content","background_toggle":true,"bg_color":"#edf7fa","inverted":false}},"index-multiimage-with-text":{"type":"index-multiimage-with-text","blocks":{"1602593466684":{"type":"subheading","settings":{"text":"We offer a wide range of services and we want to meet all our clients needs."}},"1602593597265":{"type":"text","settings":{"text":"<p>We are here to meet your every demand so you could have no worries about  your home!<\/p>"}},"1602593580363":{"type":"button","settings":{"button_link":"shopify:\/\/pages\/faq","button_text":"view now"}}},"block_order":["1602593466684","1602593597265","1602593580363"],"settings":{"hide_section":false,"inverted":false,"image":"shopify:\/\/shop_images\/image_17_aa9f59f8-a3e1-461e-ae44-f6e857f747a6.png","img_alignment_bg":"top","layout":"right","img_size":"small","img_alignment":"center","centred":true}},"1619187660dff0fe2d":{"type":"index-product-carusel-column","settings":{"section_view":"boxed","section_title":"Our best offers","section_collection":"new-constructions","products_count":"20","img_size":"medium","img_alignment":"top"}},"1619189513943252bb":{"type":"index-divider","settings":{"section_view":"boxed","padding_top":100,"padding_bottom":10,"margin_top":0,"margin_bottom":0,"background_color":"","tablet_padding_top":0,"tablet_padding_bottom":0,"tablet_margin_top":0,"tablet_margin_bottom":0}}},"content_for_index":["1592466710443","1601922455982","1592336277652","1601939590586","1602217881328","1602210223561","1602217969866","1602138314048","1592421313694","1601942128036","1600702388848","1602113067180","1602214128050","1619187660dff0fe2d","1619189513943252bb","1602214819750","1602128103819","1602214843812","1602109041967"]},"presets":{"Default":{"content_for_index":[]}}}